,index,JV_default_PCE
0,2,13.3
1,3,17.2
2,10,15.1
3,11,17.0
4,15,5.47
5,16,10.8
6,17,13.0
7,18,17.2
8,19,15.0
9,25,17.42
10,26,15.92
11,27,14.09
12,30,6.06
13,32,13.6
14,33,16.34
15,34,16.34
16,36,19.1
17,37,18.8
18,38,16.5
19,42,18.21
20,44,14.92
21,45,16.74
22,46,13.3
23,47,15.01
24,50,15.34
25,53,16.02
26,54,19.7
27,59,13.14
28,60,16.53
29,63,13.51
30,64,16.72
31,67,10.94
32,70,5.83
33,71,8.28
34,72,10.73
35,73,13.22
36,74,10.41
37,77,11.01
38,78,19.74
39,98,10.2
40,101,15.85
41,102,17.14
42,103,18.56
43,116,16.3
44,117,17.9
45,118,19.1
46,119,17.6
47,122,18.35
48,124,21.12
49,130,11.16
50,131,15.4
51,138,9.63
52,139,8.0
53,140,16.01
54,141,11.9
55,142,14.1
56,143,16.25
57,144,16.01
58,145,15.89
59,152,13.83
60,153,10.87
61,155,19.46
62,156,13.48
63,160,16.23
64,161,17.1
65,162,18.52
66,163,10.95
67,164,14.27
68,165,14.69
69,168,0.63
70,169,7.94
71,174,16.57
72,175,20.22
73,176,12.4
74,177,14.8
75,178,14.8
76,179,18.2
77,180,18.0
78,181,15.32
79,191,11.2
80,197,17.28
81,198,18.4
82,200,18.22
83,201,18.22
84,220,17.81
85,221,12.03
86,226,5.0
87,227,17.17
88,230,
89,231,
90,232,
91,234,7.0
92,235,11.17
93,238,11.26
94,239,12.51
95,242,15.88
96,243,13.82
97,255,11.9
98,256,16.9
99,257,18.2
100,258,18.2
101,259,15.7
102,260,15.7
103,261,10.41
104,262,12.64
105,263,17.18
106,266,16.1
107,270,12.1
108,271,16.0
109,272,12.5
110,275,12.75
111,280,10.5
112,281,17.0
113,282,18.27
114,283,14.7
115,284,12.33
116,285,17.1
117,286,15.1
118,288,8.0
119,289,7.6
120,290,6.6
121,291,12.81
122,292,13.62
123,293,15.11
124,294,17.46
125,295,16.23
126,296,18.82
127,297,15.1
128,298,19.0
129,299,19.1
130,300,13.2
131,301,10.3
132,302,15.2
133,303,
134,305,14.57
135,306,9.8
136,307,14.94
137,308,10.35
138,309,15.0
139,310,13.4
140,313,16.98
141,314,14.81
142,330,19.7
143,331,7.85
144,337,15.8
145,338,13.9
146,339,15.3
147,340,13.2
148,341,13.9
149,342,15.3
150,346,9.79
151,347,11.34
152,348,13.15
153,349,8.28
154,356,8.9
155,357,7.2
156,365,16.0
157,366,15.0
158,370,6.29
159,371,4.7
160,372,5.8
161,373,11.5
162,377,9.36
163,378,11.28
164,379,10.14
165,380,8.49
166,381,16.8
167,382,17.3
168,383,17.7
169,384,18.4
170,386,14.75
171,394,13.28
172,395,16.42
173,396,10.24
174,397,16.85
175,398,14.31
176,403,15.41
177,404,17.15
178,405,14.36
179,406,16.49
180,408,7.54
181,410,13.5
182,411,
183,412,5.5
184,413,5.18
185,414,11.03
186,415,11.4
187,416,8.08
188,417,8.5
189,418,13.3
190,419,17.7
191,420,9.0
192,421,16.2
193,422,12.3
194,453,17.35
195,458,11.7
196,459,14.1
197,460,7.12
198,461,7.21
199,462,15.2
200,463,12.0
201,466,14.48
202,467,16.67
203,469,5.51
204,472,6.07
205,473,12.4
206,474,17.39
207,475,18.44
208,480,15.67
209,481,16.81
210,482,12.5
211,483,13.8
212,484,11.38
213,485,16.56
214,505,14.6
215,506,15.95
216,507,15.06
217,508,15.49
218,512,18.94
219,513,15.6
220,514,13.53
221,515,15.16
222,516,15.25
223,517,15.53
224,518,15.23
225,524,14.08
226,528,16.99
227,529,18.95
228,535,8.87
229,539,16.6
230,540,15.7
231,551,5.41
232,552,8.14
233,558,11.86
234,563,19.6
235,564,9.0
236,565,11.9
237,566,13.67
238,567,18.84
239,568,7.28
240,569,11.45
241,570,9.35
242,571,20.31
243,572,17.91
244,587,
245,588,
246,590,
247,595,16.21
248,596,19.24
249,597,15.92
250,598,
251,599,
252,600,
253,602,19.88
254,603,19.88
255,605,17.2
256,606,20.0
257,611,15.4
258,612,17.39
259,613,13.66
260,617,18.7
261,618,
262,619,16.55
263,625,18.5
264,627,8.93
265,628,18.0
266,629,17.01
267,630,15.6
268,642,16.04
269,643,18.47
270,654,16.8
271,655,7.6
272,661,13.8
273,662,16.4
274,669,13.5
275,670,16.01
276,672,20.03
277,673,18.72
278,674,17.33
279,676,17.82
280,679,13.93
281,680,16.8
282,681,13.93
283,682,16.8
284,683,14.64
285,684,13.92
286,685,
287,686,
288,689,18.81
289,690,17.16
290,691,17.85
291,692,18.1
292,693,19.19
293,701,8.99
294,702,7.39
295,703,6.94
296,704,6.64
297,705,5.98
298,706,3.29
299,713,15.34
300,715,19.1
301,716,21.37
302,717,19.1
303,718,21.37
304,722,17.91
305,723,14.73
306,729,8.32
307,732,12.96
308,733,14.83
309,734,16.33
310,735,15.28
311,736,17.17
312,737,16.1
313,747,17.41
314,758,12.1
315,759,13.4
316,760,18.21
317,761,17.94
318,769,10.29
319,770,12.97
320,771,15.56
321,781,12.62
322,782,15.8
323,786,14.57
324,787,16.5
325,788,14.57
326,789,16.5
327,790,14.57
328,791,16.5
329,792,14.5
330,804,16.89
331,805,16.89
332,806,18.63
333,807,18.63
334,808,11.3
335,809,15.4
336,812,12.35
337,813,7.93
338,814,14.45
339,815,9.7
340,819,19.82
341,820,21.4
342,821,21.4
343,831,12.7
344,832,14.3
345,833,14.4
346,836,9.2
347,837,14.62
348,838,17.05
349,842,17.09
350,843,15.53
351,844,14.73
352,847,11.47
353,848,15.7
354,851,9.27
355,852,10.99
356,853,14.5
357,854,15.4
358,864,13.53
359,870,12.9
360,871,13.6
361,872,14.41
362,873,17.18
363,878,20.77
364,879,17.3
365,880,16.95
366,881,15.58
367,893,11.49
368,894,13.28
369,895,8.98
370,897,7.28
371,898,11.02
372,899,15.58
373,900,12.7
374,901,11.34
375,913,12.46
376,914,16.55
377,915,12.3
378,916,16.1
379,918,18.21
380,919,18.21
381,920,18.21
382,921,18.61
383,922,18.61
384,923,18.61
385,924,19.26
386,925,19.26
387,926,17.75
388,927,17.75
389,928,19.51
390,929,16.03
391,930,19.09
392,931,19.5
393,932,17.3
394,933,21.0
395,934,18.0
396,938,20.13
397,939,18.52
398,940,19.41
399,941,20.13
400,942,18.52
401,943,19.41
402,950,20.05
403,951,17.46
404,952,20.51
405,953,20.51
406,954,5.59
407,955,8.18
408,956,16.57
409,957,19.15
410,968,17.46
411,969,18.94
412,970,20.14
413,977,12.31
414,978,17.24
415,979,18.56
416,982,13.1
417,985,16.4
418,986,19.6
419,987,5.2
420,988,11.45
421,992,14.69
422,993,14.8
423,994,16.47
424,995,10.43
425,996,17.38
426,1003,11.8
427,1006,5.03
428,1007,8.08
429,1016,16.5
430,1025,
431,1035,
432,1036,
433,1050,
434,1051,
435,1052,
436,1053,
437,1054,
438,1055,
439,1056,
440,1057,
441,1060,
442,1061,17.69
443,1062,
444,1063,
445,1064,
446,1065,
447,1066,
448,1067,
449,1076,
450,1077,
451,1082,
452,1083,
453,1084,
454,1085,
455,1086,
456,1087,
457,1088,13.7
458,1089,11.6
459,1090,11.5
460,1091,9.7
461,1094,
462,1095,
463,1096,
464,1097,
465,1099,
466,1100,
467,1101,
468,1102,
469,1103,
470,1104,
471,1105,
472,1106,
473,1114,
474,1129,16.21
475,1130,19.17
476,1131,18.2
477,1132,17.3
478,1146,14.62
479,1147,17.76
480,1156,14.53
481,1157,16.28
482,1158,17.8
483,1159,17.4
484,1161,12.48
485,1164,14.18
486,1165,11.65
487,1166,13.39
488,1167,11.17
489,1168,13.8
490,1170,16.5
491,1197,12.9
492,1198,14.07
493,1199,11.22
494,1200,16.51
495,1201,16.71
496,1202,12.74
497,1216,11.1
498,1217,16.3
499,1218,11.1
500,1219,16.3
501,1228,3.3
502,1229,6.8
503,1230,8.4
504,1231,14.9
505,1237,18.1
506,1240,16.02
507,1241,19.05
508,1242,18.03
509,1243,20.58
510,1244,
511,1245,
512,1246,
513,1247,
514,1248,
515,1249,10.5
516,1250,11.72
517,1251,10.61
518,1252,11.19
519,1253,11.08
520,1254,16.73
521,1255,17.67
522,1256,14.39
523,1257,17.42
524,1258,15.72
525,1259,16.73
526,1260,17.67
527,1261,14.39
528,1262,17.42
529,1263,15.72
530,1268,19.6
531,1277,12.1
532,1278,12.85
533,1280,12.85
534,1285,14.02
535,1286,16.14
536,1298,5.52
537,1305,14.26
538,1306,15.21
539,1307,11.17
540,1315,16.81
541,1316,13.27
542,1317,16.42
543,1318,0.7
544,1319,7.1
545,1321,14.5
546,1322,14.5
547,1323,14.5
548,1324,14.5
549,1325,14.5
550,1326,14.5
551,1327,14.5
552,1329,10.5
553,1330,10.5
554,1331,10.5
555,1332,10.5
556,1333,10.5
557,1334,10.5
558,1335,10.5
559,1336,16.71
560,1337,18.61
561,1338,19.71
562,1346,12.75
563,1353,15.6
564,1354,18.82
565,1355,13.2
566,1356,16.52
567,1358,17.2
568,1359,16.2
569,1360,18.33
570,1361,14.7
571,1362,17.7
572,1363,18.0
573,1364,14.86
574,1365,17.21
575,1366,14.86
576,1367,17.21
577,1374,11.92
578,1375,13.8
579,1376,12.5
580,1377,15.2
581,1378,17.4
582,1379,15.26
583,1380,14.98
584,1385,16.69
585,1386,20.0
586,1387,16.17
587,1388,16.2
588,1389,17.22
589,1390,18.78
590,1391,12.3
591,1392,
592,1393,16.81
593,1394,15.51
594,1405,12.0
595,1406,12.5
596,1407,12.5
597,1410,12.54
598,1411,13.31
599,1412,14.52
600,1413,13.77
601,1414,12.48
602,1415,10.14
603,1416,11.1
604,1417,10.11
605,1418,10.4
606,1419,7.9
607,1420,6.2
608,1421,7.6
609,1422,7.1
610,1423,16.62
611,1424,18.93
612,1428,17.04
613,1434,14.68
614,1445,19.1
615,1446,20.1
616,1447,8.62
617,1448,7.97
618,1449,7.92
619,1450,6.39
620,1452,12.3
621,1453,21.1
622,1454,11.0
623,1455,16.7
624,1456,17.5
625,1457,10.06
626,1459,13.12
627,1460,13.12
628,1473,17.1
629,1474,18.61
630,1475,17.1
631,1476,18.61
632,1477,17.1
633,1478,16.1
634,1483,15.26
635,1485,14.96
636,1488,17.11
637,1492,15.49
638,1493,12.85
639,1494,13.98
640,1495,11.08
641,1500,18.0
642,1501,18.0
643,1502,15.73
644,1503,15.73
645,1504,13.1
646,1505,15.9
647,1506,14.2
648,1512,18.16
649,1513,19.26
650,1514,12.5
651,1515,14.2
652,1516,17.1
653,1521,14.3
654,1522,13.2
655,1523,9.0
656,1524,7.1
657,1525,5.6
658,1526,0.1
659,1527,9.73
660,1528,11.52
661,1529,13.15
662,1552,2.54
663,1554,3.57
664,1556,4.66
665,1558,5.2
666,1560,10.22
667,1561,17.77
668,1569,16.8
669,1570,18.5
670,1571,16.7
671,1572,18.4
672,1573,14.69
673,1574,14.24
674,1592,19.0
675,1593,17.1
676,1594,12.72
677,1595,11.32
678,1597,15.3
679,1598,11.75
680,1606,14.5
681,1607,17.5
682,1608,17.0
683,1617,15.5
684,1618,13.6
685,1619,20.2
686,1620,13.5
687,1621,14.6
688,1623,14.0
689,1624,15.92
690,1625,13.76
691,1626,15.66
692,1627,6.83
693,1628,15.37
694,1629,12.76
695,1630,7.93
696,1631,9.0
697,1632,11.7
698,1633,11.6
699,1637,16.5
700,1639,16.5
701,1647,14.19
702,1648,16.39
703,1649,18.04
704,1650,13.72
705,1651,18.13
706,1670,16.23
707,1681,13.8
708,1682,15.08
709,1683,15.81
710,1697,14.0
711,1698,12.5
712,1703,13.57
713,1704,17.79
714,1726,10.8
715,1727,15.2
716,1728,10.8
717,1729,15.2
718,1730,10.8
719,1731,15.2
720,1733,17.36
721,1734,15.25
722,1735,18.31
723,1736,13.24
724,1740,16.48
725,1741,17.46
726,1749,16.0
727,1750,17.1
728,1751,18.5
729,1752,17.5
730,1759,18.0
731,1760,20.8
732,1761,20.2
733,1762,21.6
734,1763,7.18
735,1764,15.63
736,1765,9.05
737,1766,15.13
738,1767,16.8
739,1768,13.54
740,1769,14.73
741,1770,11.15
742,1771,13.91
743,1772,14.18
744,1773,11.77
745,1775,15.5
746,1776,17.8
747,1777,13.5
748,1778,10.08
749,1779,16.44
750,1780,17.91
751,1781,15.76
752,1782,18.31
753,1783,17.57
754,1784,15.2
755,1785,15.5
756,1786,9.41
757,1788,11.82
758,1790,10.06
759,1794,11.13
760,1797,14.63
761,1798,14.7
762,1800,19.31
763,1803,16.94
764,1804,17.16
765,1818,17.52
766,1819,20.05
767,1826,13.27
768,1828,9.74
769,1829,0.64
770,1830,5.55
771,1838,16.65
772,1839,17.29
773,1840,
774,1841,
775,1842,
776,1846,10.0
777,1849,16.19
778,1850,19.24
779,1852,11.59
780,1853,13.26
781,1857,16.96
782,1858,18.2
783,1859,19.0
784,1860,14.47
785,1861,16.7
786,1862,16.96
787,1863,18.2
788,1864,19.0
789,1865,14.47
790,1866,16.7
791,1868,9.89
792,1869,
793,1883,14.07
794,1884,17.87
795,1885,18.09
796,1894,14.69
797,1896,
798,1897,
799,1899,
800,1908,15.38
801,1909,
802,1910,12.06
803,1911,8.92
804,1912,11.75
805,1936,13.58
806,1937,14.42
807,1941,15.28
808,1942,15.62
809,1946,7.88
810,1947,
811,1949,
812,1950,11.58
813,1951,12.31
814,1952,17.2
815,1953,8.0
816,1955,14.29
817,1956,14.29
818,1957,14.29
819,1958,11.15
820,1959,11.15
821,1960,11.15
822,1961,11.96
823,1962,13.33
824,1963,8.63
825,1964,18.9
826,1966,8.72
827,1967,5.48
828,1968,12.46
829,1988,15.03
830,1989,
831,1990,
832,1991,14.3
833,1992,18.09
834,1996,18.0
835,1997,14.9
836,1998,14.5
837,1999,13.2
838,2000,15.1
839,2001,7.8
840,2005,11.74
841,2006,11.79
842,2007,6.05
843,2012,10.7
844,2013,12.3
845,2017,18.39
846,2022,14.0
847,2023,15.35
848,2026,16.68
849,2028,19.6
850,2029,20.9
851,2030,6.75
852,2031,17.01
853,2034,15.93
854,2035,17.71
855,2042,18.87
856,2043,16.2
857,2044,16.5
858,2045,18.0
859,2046,17.71
860,2048,17.21
861,2051,15.1
862,2052,12.18
863,2053,16.79
864,2054,16.34
865,2055,16.99
866,2056,17.37
867,2057,18.21
868,2058,17.21
869,2063,16.3
870,2065,15.0
871,2070,13.0
872,2071,16.9
873,2072,17.2
874,2073,
875,2074,
876,2075,
877,2085,12.97
878,2090,15.44
879,2091,17.56
880,2092,18.91
881,2093,16.85
882,2094,18.69
883,2097,18.7
884,2098,19.7
885,2099,20.2
886,2105,14.4
887,2106,15.0
888,2107,16.3
889,2108,13.7
890,2109,10.7
891,2110,16.39
892,2111,15.3
893,2112,13.2
894,2115,9.5
895,2116,13.5
896,2126,
897,2127,
898,2128,13.8
899,2129,16.8
900,2130,13.28
901,2131,17.29
902,2133,9.4
903,2134,10.2
904,2135,9.9
905,2142,6.96
906,2143,11.32
907,2145,5.52
908,2157,7.29
909,2158,18.01
910,2159,19.46
911,2176,17.01
912,2177,18.11
913,2181,15.0
914,2182,17.0
915,2183,17.0
916,2193,13.65
917,2194,19.5
918,2208,12.1
919,2213,6.12
920,2214,11.4
921,2216,18.6
922,2223,10.15
923,2224,4.2
924,2225,13.87
925,2226,13.83
926,2229,2.12
927,2233,8.1
928,2235,15.4
929,2236,12.2
930,2237,3.4
931,2238,6.28
932,2239,6.8
933,2241,7.62
934,2242,8.74
935,2243,7.15
936,2248,16.97
937,2249,19.35
938,2250,16.94
939,2257,13.3
940,2258,13.8
941,2259,14.8
942,2260,15.0
943,2261,15.2
944,2262,15.3
945,2263,13.8
946,2264,16.5
947,2266,16.3
948,2267,16.6
949,2268,18.2
950,2270,12.7
951,2271,14.6
952,2277,15.1
953,2278,16.1
954,2280,12.96
955,2282,11.18
956,2283,8.5
957,2284,15.1
958,2285,16.9
959,2286,10.9
960,2290,17.85
961,2302,16.0
962,2303,16.0
963,2304,4.49
964,2314,0.9
965,2325,
966,2326,12.17
967,2327,16.7
968,2328,19.7
969,2329,14.52
970,2330,14.4
971,2333,19.05
972,2334,12.17
973,2336,16.0
974,2341,11.33
975,2342,14.14
976,2343,16.53
977,2344,17.63
978,2348,
979,2354,17.01
980,2355,15.2
981,2358,12.06
982,2359,14.21
983,2360,16.5
984,2361,15.2
985,2364,16.38
986,2366,17.6
987,2367,17.6
988,2368,10.51
989,2369,12.59
990,2370,12.74
991,2371,12.07
992,2372,11.92
993,2375,18.0
994,2376,14.4
995,2377,9.94
996,2378,11.02
997,2379,18.17
998,2380,15.05
999,2382,19.8
1000,2383,19.8
1001,2384,15.6
1002,2385,10.3
1003,2386,13.0
1004,2387,18.06
1005,2388,19.81
1006,2389,17.08
1007,2390,13.2
1008,2391,11.6
1009,2393,10.7
1010,2394,14.4
1011,2395,2.57
1012,2396,18.61
1013,2399,15.76
1014,2400,18.6
1015,2410,14.23
1016,2411,11.05
1017,2415,18.5
1018,2416,16.13
1019,2419,16.1
1020,2420,12.6
1021,2421,8.2
1022,2422,13.3
1023,2425,16.2
1024,2426,17.9
1025,2427,16.9
1026,2428,18.2
1027,2429,9.84
1028,2430,6.62
1029,2460,15.98
1030,2461,18.1
1031,2462,15.98
1032,2463,18.1
1033,2464,13.67
1034,2465,11.91
1035,2466,6.76
1036,2468,9.0
1037,2469,9.13
1038,2470,9.23
1039,2471,4.13
1040,2472,3.91
1041,2473,3.5
1042,2474,19.1
1043,2475,21.1
1044,2478,17.24
1045,2482,17.24
1046,2486,17.24
1047,2498,15.2
1048,2499,17.6
1049,2500,18.69
1050,2501,16.24
1051,2502,11.07
1052,2503,14.9
1053,2504,5.16
1054,2505,8.27
1055,2506,9.4
1056,2507,12.2
1057,2508,15.2
1058,2509,17.3
1059,2510,17.7
1060,2514,15.15
1061,2516,18.07
1062,2518,14.1
1063,2519,16.9
1064,2520,15.5
1065,2521,18.8
1066,2522,14.9
1067,2523,16.0
1068,2529,2.5
1069,2530,21.1
1070,2531,2.5
1071,2532,21.1
1072,2533,10.06
1073,2534,17.09
1074,2535,15.0
1075,2536,19.0
1076,2537,18.6
1077,2538,18.4
1078,2539,17.8
1079,2540,17.7
1080,2546,13.36
1081,2547,16.02
1082,2548,18.81
1083,2549,17.0
1084,2550,19.0
1085,2551,15.0
1086,2555,12.74
1087,2556,18.03
1088,2557,13.71
1089,2558,14.37
1090,2559,16.8
1091,2560,16.2
1092,2564,12.7
1093,2565,17.87
1094,2566,9.81
1095,2567,12.78
1096,2575,19.14
1097,2576,17.92
1098,2588,17.3
1099,2593,15.12
1100,2594,8.14
1101,2602,
1102,2603,
1103,2604,
1104,2605,
1105,2611,14.28
1106,2612,17.08
1107,2613,20.34
1108,2618,16.34
1109,2619,18.51
1110,2622,12.2
1111,2623,16.7
1112,2630,18.12
1113,2631,20.55
1114,2632,12.7
1115,2633,11.88
1116,2634,15.0
1117,2635,10.3
1118,2659,16.06
1119,2660,16.08
1120,2664,10.67
1121,2665,13.8
1122,2675,
1123,2676,
1124,2677,
1125,2678,
1126,2679,
1127,2680,
1128,2681,10.42
1129,2682,13.81
1130,2684,6.88
1131,2687,
1132,2691,15.35
1133,2692,17.13
1134,2694,17.01
1135,2695,15.43
1136,2696,16.48
1137,2697,17.46
1138,2702,
1139,2703,
1140,2704,15.41
1141,2705,16.89
1142,2707,
1143,2710,
1144,2711,
1145,2712,
1146,2713,
1147,2714,
1148,2715,
1149,2717,12.82
1150,2718,16.12
1151,2719,
1152,2721,
1153,2722,
1154,2723,10.2
1155,2724,
1156,2725,
1157,2726,
1158,2727,
1159,2728,
1160,2729,
1161,2731,7.5
1162,2733,12.5
1163,2734,12.8
1164,2736,13.0
1165,2737,18.1
1166,2738,16.6
1167,2739,12.75
1168,2740,17.42
1169,2741,18.24
1170,2744,16.0
1171,2746,18.0
1172,2747,16.0
1173,2749,18.0
1174,2754,
1175,2755,
1176,2756,
1177,2757,
1178,2758,14.5
1179,2759,12.3
1180,2761,12.17
1181,2762,10.23
1182,2763,20.0
1183,2764,15.0
1184,2767,
1185,2768,
1186,2779,
1187,2780,
1188,2781,
1189,2782,
1190,2783,
1191,2784,
1192,2785,
1193,2786,
1194,2787,
1195,2788,
1196,2789,
1197,2790,
1198,2791,
1199,2792,
1200,2794,
1201,2795,
1202,2797,
1203,2799,13.2
1204,2806,
1205,2807,
1206,2817,18.5
1207,2818,13.0
1208,2819,18.4
1209,2831,16.18
1210,2832,18.08
1211,2833,17.35
1212,2834,18.06
1213,2835,17.46
1214,2839,17.22
1215,2840,14.19
1216,2842,9.5
1217,2849,11.07
1218,2850,12.14
1219,2852,9.4
1220,2865,15.08
1221,2883,11.62
1222,2884,11.9
1223,2886,17.5
1224,2887,17.8
1225,2888,19.01
1226,2889,17.77
1227,2890,13.7
1228,2891,15.9
1229,2899,17.46
1230,2900,18.52
1231,2901,20.12
1232,2902,15.05
1233,2903,15.46
1234,2904,14.91
1235,2905,12.7
1236,2906,15.98
1237,2908,13.16
1238,2910,11.5
1239,2912,4.3
1240,2913,8.13
1241,2914,12.21
1242,2916,13.85
1243,2917,5.3
1244,2918,7.31
1245,2919,11.49
1246,2920,14.36
1247,2921,2.46
1248,2922,7.02
1249,2923,16.21
1250,2924,11.76
1251,2925,10.39
1252,2926,10.46
1253,2927,15.82
1254,2928,13.47
1255,2932,12.2
1256,2933,12.13
1257,2934,16.06
1258,2937,16.6
1259,2938,13.1
1260,2939,17.5
1261,2944,15.34
1262,2945,14.11
1263,2946,16.3
1264,2947,18.19
1265,2948,15.34
1266,2949,14.11
1267,2950,16.3
1268,2951,18.19
1269,2952,15.34
1270,2953,14.11
1271,2954,16.3
1272,2955,18.19
1273,2956,17.43
1274,2957,12.72
1275,2958,16.87
1276,2959,13.2
1277,2960,16.24
1278,2965,18.83
1279,2966,17.61
1280,2967,17.61
1281,2968,16.62
1282,2969,16.62
1283,2970,13.5
1284,2971,15.0
1285,2972,15.5
1286,2973,17.38
1287,2974,19.94
1288,2975,12.32
1289,2976,12.34
1290,2978,15.5
1291,2979,7.03
1292,2980,15.5
1293,2981,14.58
1294,2988,11.0
1295,2989,11.2
1296,2990,9.5
1297,2991,14.1
1298,3002,14.18
1299,3003,14.65
1300,3004,14.18
1301,3005,14.65
1302,3006,14.18
1303,3007,14.65
1304,3008,15.77
1305,3009,17.07
1306,3010,18.83
1307,3011,17.66
1308,3012,14.4
1309,3013,12.76
1310,3016,14.49
1311,3021,9.2
1312,3022,12.98
1313,3023,10.4
1314,3036,10.72
1315,3037,14.4
1316,3044,8.7
1317,3045,11.6
1318,3053,12.77
1319,3054,17.8
1320,3055,18.61
1321,3056,12.77
1322,3057,17.8
1323,3058,18.61
1324,3073,16.44
1325,3085,7.95
1326,3086,10.3
1327,3087,9.15
1328,3093,18.13
1329,3094,20.18
1330,3095,18.13
1331,3096,20.18
1332,3097,16.63
1333,3098,17.34
1334,3099,17.1
1335,3100,17.3
1336,3101,17.4
1337,3102,17.5
1338,3103,17.4
1339,3104,17.7
1340,3105,16.9
1341,3106,9.1
1342,3107,10.2
1343,3108,9.7
1344,3109,8.2
1345,3110,6.5
1346,3113,11.3
1347,3130,11.19
1348,3131,12.1
1349,3137,10.27
1350,3153,19.8
1351,3160,14.0
1352,3161,17.3
1353,3162,18.0
1354,3171,14.66
1355,3172,13.46
1356,3173,13.46
1357,3175,17.41
1358,3176,16.7
1359,3177,19.57
1360,3178,11.58
1361,3179,11.58
1362,3180,13.58
1363,3181,13.28
1364,3186,16.4
1365,3187,12.5
1366,3188,13.7
1367,3189,17.2
1368,3190,22.2
1369,3191,15.58
1370,3193,20.9
1371,3194,20.9
1372,3195,13.53
1373,3196,10.69
1374,3208,16.3
1375,3209,15.1
1376,3210,13.4
1377,3212,11.4
1378,3213,11.42
1379,3219,7.53
1380,3220,13.7
1381,3222,7.0
1382,3223,12.5
1383,3224,18.12
1384,3226,7.3
1385,3227,18.3
1386,3228,17.06
1387,3229,14.3
1388,3230,17.1
1389,3231,16.47
1390,3232,18.9
1391,3238,19.19
1392,3239,19.19
1393,3240,17.02
1394,3241,17.02
1395,3243,5.41
1396,3244,10.41
1397,3245,13.42
1398,3246,15.7
1399,3247,11.67
1400,3248,9.87
1401,3249,9.83
1402,3250,11.15
1403,3252,14.3
1404,3253,12.9
1405,3255,13.8
1406,3256,11.6
1407,3257,14.39
1408,3261,15.12
1409,3262,16.6
1410,3263,15.5
1411,3264,15.2
1412,3265,18.2
1413,3269,9.2
1414,3270,10.8
1415,3271,10.8
1416,3272,12.95
1417,3275,16.46
1418,3276,13.87
1419,3277,19.31
1420,3278,18.11
1421,3280,15.64
1422,3281,18.25
1423,3284,10.8
1424,3285,10.8
1425,3286,14.9
1426,3287,14.9
1427,3288,15.15
1428,3291,11.9
1429,3292,12.2
1430,3293,15.6
1431,3294,17.4
1432,3295,15.58
1433,3296,15.6
1434,3297,10.3
1435,3300,16.3
1436,3301,18.0
1437,3303,11.0
1438,3304,12.8
1439,3305,17.2
1440,3306,20.1
1441,3310,12.34
1442,3311,12.32
1443,3315,17.0
1444,3316,16.5
1445,3325,17.36
1446,3326,14.9
1447,3328,11.39
1448,3329,11.1
1449,3330,10.1
1450,3331,9.46
1451,3332,9.02
1452,3335,13.9
1453,3336,11.8
1454,3337,12.3
1455,3338,12.1
1456,3343,14.8
1457,3344,16.83
1458,3345,12.2
1459,3346,16.07
1460,3347,6.3
1461,3348,6.3
1462,3349,17.3
1463,3350,17.3
1464,3373,17.2
1465,3375,17.3
1466,3376,14.0
1467,3377,11.64
1468,3378,17.82
1469,3383,11.9
1470,3384,11.9
1471,3385,15.5
1472,3386,15.5
1473,3387,15.0
1474,3388,15.0
1475,3389,7.2
1476,3390,13.0
1477,3391,8.8
1478,3394,17.2
1479,3395,13.5
1480,3405,17.2
1481,3406,16.7
1482,3409,12.9
1483,3410,14.77
1484,3414,15.6
1485,3417,13.63
1486,3418,12.31
1487,3419,14.68
1488,3420,15.8
1489,3421,15.7
1490,3422,10.95
1491,3423,14.62
1492,3424,12.25
1493,3425,15.06
1494,3426,15.04
1495,3427,13.0
1496,3432,15.94
1497,3433,17.05
1498,3442,17.43
1499,3443,12.32
1500,3444,15.24
1501,3445,17.45
1502,3446,16.0
1503,3447,20.02
1504,3450,5.27
1505,3451,13.73
1506,3458,15.0
1507,3459,10.8
1508,3460,14.8
1509,3461,18.5
1510,3468,3.91
1511,3469,14.5
1512,3471,14.5
1513,3473,18.08
1514,3474,20.41
1515,3475,17.32
1516,3476,19.6
1517,3477,13.8
1518,3478,17.9
1519,3479,16.1
1520,3480,18.98
1521,3481,15.56
1522,3482,12.13
1523,3483,12.6
1524,3486,6.06
1525,3487,3.51
1526,3491,9.48
1527,3492,8.12
1528,3493,7.21
1529,3496,13.01
1530,3497,13.85
1531,3498,17.68
1532,3501,14.36
1533,3502,16.5
1534,3504,17.56
1535,3515,17.94
1536,3517,17.11
1537,3518,17.11
1538,3523,17.26
1539,3524,16.86
1540,3527,15.43
1541,3528,17.35
1542,3529,14.45
1543,3530,16.46
1544,3531,16.46
1545,3534,15.29
1546,3537,17.2
1547,3538,18.57
1548,3539,17.97
1549,3542,17.5
1550,3543,17.5
1551,3548,11.8
1552,3552,13.29
1553,3553,14.36
1554,3554,17.03
1555,3555,0.34
1556,3565,17.6
1557,3569,15.0
1558,3585,18.22
1559,3589,16.47
1560,3590,19.33
1561,3591,16.3
1562,3592,6.2
1563,3593,7.0
1564,3594,7.0
1565,3595,12.5
1566,3596,17.12
1567,3599,7.6
1568,3600,6.3
1569,3601,9.2
1570,3604,11.01
1571,3605,13.77
1572,3606,18.83
1573,3607,18.8
1574,3608,15.7
1575,3614,14.82
1576,3616,10.54
1577,3617,17.96
1578,3618,16.7
1579,3624,10.2
1580,3627,12.28
1581,3633,15.79
1582,3634,17.81
1583,3635,18.01
1584,3637,18.66
1585,3640,17.25
1586,3642,16.84
1587,3643,19.12
1588,3647,11.88
1589,3649,9.9
1590,3652,11.42
1591,3653,13.09
1592,3654,12.9
1593,3655,18.8
1594,3660,14.38
1595,3661,17.28
1596,3664,17.17
1597,3665,19.89
1598,3666,12.72
1599,3667,17.8
1600,3668,20.0
1601,3669,13.4
1602,3670,14.4
1603,3671,7.0
1604,3676,9.52
1605,3677,14.28
1606,3678,14.2
1607,3679,8.78
1608,3680,16.3
1609,3686,9.6
1610,3691,15.26
1611,3692,16.9
1612,3698,10.9
1613,3699,13.2
1614,3700,15.23
1615,3701,17.51
1616,3702,10.86
1617,3703,12.94
1618,3706,17.18
1619,3707,15.27
1620,3708,17.98
1621,3709,19.87
1622,3712,11.09
1623,3713,10.1
1624,3714,15.4
1625,3715,15.2
1626,3716,14.4
1627,3718,11.59
1628,3719,16.6
1629,3720,19.5
1630,3721,13.14
1631,3722,15.1
1632,3723,18.12
1633,3724,16.75
1634,3726,15.85
1635,3727,12.21
1636,3728,18.67
1637,3731,20.13
1638,3732,15.9
1639,3733,18.21
1640,3738,17.68
1641,3739,17.5
1642,3741,17.02
1643,3742,17.46
1644,3743,14.1
1645,3744,12.0
1646,3745,10.2
1647,3746,14.2
1648,3747,14.9
1649,3748,15.9
1650,3751,12.17
1651,3752,15.61
1652,3755,11.0
1653,3756,11.9
1654,3757,13.0
1655,3758,12.5
1656,3762,14.32
1657,3763,16.64
1658,3764,16.4
1659,3765,12.3
1660,3768,9.9
1661,3771,13.82
1662,3772,13.82
1663,3786,1.78
1664,3787,2.27
1665,3788,1.39
1666,3789,1.26
1667,3790,18.39
1668,3791,18.39
1669,3793,20.71
1670,3794,20.71
1671,3795,20.71
1672,3801,13.87
1673,3802,13.43
1674,3803,15.0
1675,3804,14.73
1676,3808,11.5
1677,3813,11.4
1678,3815,9.84
1679,3817,12.96
1680,3821,18.59
1681,3822,17.81
1682,3823,19.01
1683,3826,19.8
1684,3827,
1685,3828,
1686,3829,10.46
1687,3830,14.25
1688,3831,16.23
1689,3832,20.02
1690,3834,12.1
1691,3835,3.68
1692,3836,9.6
1693,3838,13.23
1694,3839,17.13
1695,3840,15.7
1696,3841,10.1
1697,3842,13.1
1698,3852,10.94
1699,3864,12.6
1700,3870,18.35
1701,3871,18.35
1702,3872,20.28
1703,3873,20.28
1704,3874,5.67
1705,3875,13.45
1706,3876,12.51
1707,3877,10.9
1708,3878,5.15
1709,3879,3.73
1710,3880,12.68
1711,3889,13.3
1712,3893,9.52
1713,3894,11.4
1714,3895,3.6
1715,3896,10.14
1716,3906,13.35
1717,3907,14.95
1718,3908,15.71
1719,3909,15.85
1720,3910,16.34
1721,3911,16.76
1722,3912,15.07
1723,3921,6.88
1724,3929,16.3
1725,3930,15.77
1726,3931,3.07
1727,3932,15.66
1728,3936,14.32
1729,3937,16.56
1730,3938,15.05
1731,3940,19.5
1732,3947,12.85
1733,3948,12.81
1734,3949,14.0
1735,3950,15.26
1736,3951,12.9
1737,3952,19.19
1738,3953,16.1
1739,3958,15.2
1740,3959,15.3
1741,3960,17.37
1742,3961,17.37
1743,3962,18.01
1744,3963,18.01
1745,3964,17.13
1746,3965,17.13
1747,3966,16.05
1748,3967,16.05
1749,3970,10.3
1750,3971,12.3
1751,3972,7.8
1752,3973,12.8
1753,3976,12.1
1754,3977,10.9
1755,3978,10.96
1756,3979,16.25
1757,3980,12.49
1758,3985,19.4
1759,3986,13.1
1760,4001,
1761,4002,16.29
1762,4007,
1763,4008,
1764,4009,
1765,4010,
1766,4018,17.98
1767,4019,18.43
1768,4020,
1769,4021,
1770,4022,
1771,4023,
1772,4027,18.12
1773,4028,10.12
1774,4036,14.37
1775,4037,17.23
1776,4041,20.46
1777,4042,18.51
1778,4043,14.9
1779,4044,12.53
1780,4047,14.35
1781,4048,19.33
1782,4052,12.8
1783,4053,
1784,4056,14.0
1785,4057,15.5
1786,4058,6.5
1787,4059,10.5
1788,4060,12.82
1789,4061,10.78
1790,4062,13.16
1791,4066,18.52
1792,4067,19.1
1793,4068,18.4
1794,4069,7.42
1795,4070,7.93
1796,4071,14.71
1797,4072,16.74
1798,4073,14.74
1799,4075,14.4
1800,4078,12.89
1801,4088,11.5
1802,4094,16.1
1803,4096,16.1
1804,4098,18.17
1805,4102,13.0
1806,4107,7.34
1807,4108,12.8
1808,4115,18.14
1809,4116,19.23
1810,4117,18.0
1811,4118,13.0
1812,4133,15.16
1813,4134,16.06
1814,4145,17.1
1815,4146,15.9
1816,4147,17.2
1817,4148,16.3
1818,4152,11.3
1819,4153,16.7
1820,4154,
1821,4155,
1822,4156,
1823,4157,
1824,4158,
1825,4159,
1826,4160,
1827,4161,
1828,4162,2.82
1829,4163,2.46
1830,4164,6.44
1831,4166,16.0
1832,4167,9.11
1833,4171,7.55
1834,4172,14.55
1835,4173,
1836,4174,
1837,4175,13.61
1838,4176,14.94
1839,4177,18.07
1840,4178,8.8
1841,4180,8.5
1842,4182,15.21
1843,4183,16.65
1844,4186,19.1
1845,4190,20.4
1846,4191,15.4
1847,4194,20.09
1848,4201,13.9
1849,4202,16.87
1850,4204,19.41
1851,4211,15.74
1852,4219,6.37
1853,4220,17.8
1854,4221,16.1
1855,4222,17.8
1856,4223,16.1
1857,4224,15.55
1858,4225,15.86
1859,4230,15.2
1860,4231,18.26
1861,4233,16.65
1862,4234,16.65
1863,4235,11.06
1864,4237,18.26
1865,4238,18.4
1866,4239,16.65
1867,4242,14.3
1868,4256,12.1
1869,4257,14.0
1870,4258,13.6
1871,4263,17.05
1872,4266,11.4
1873,4269,8.4
1874,4270,11.2
1875,4271,14.5
1876,4272,16.5
1877,4274,17.78
1878,4275,18.59
1879,4276,16.3
1880,4277,15.3
1881,4278,8.65
1882,4279,11.36
1883,4280,11.44
1884,4281,14.0
1885,4283,12.3
1886,4284,15.2
1887,4285,15.2
1888,4287,14.0
1889,4289,13.6
1890,4291,10.27
1891,4292,11.74
1892,4294,9.88
1893,4295,11.63
1894,4296,9.88
1895,4297,7.78
1896,4298,14.13
1897,4302,11.76
1898,4303,14.87
1899,4304,15.06
1900,4305,15.68
1901,4306,16.68
1902,4311,9.1
1903,4314,15.9
1904,4315,17.8
1905,4316,14.93
1906,4317,18.28
1907,4319,9.58
1908,4320,9.58
1909,4321,15.28
1910,4322,16.56
1911,4323,6.86
1912,4324,15.0
1913,4325,14.44
1914,4326,3.12
1915,4327,8.48
1916,4329,15.91
1917,4330,17.4
1918,4331,15.45
1919,4334,17.71
1920,4335,15.59
1921,4337,16.97
1922,4338,15.5
1923,4339,15.1
1924,4340,11.6
1925,4341,10.34
1926,4342,10.32
1927,4357,15.53
1928,4358,18.51
1929,4363,9.4
1930,4364,16.01
1931,4365,14.01
1932,4366,13.34
1933,4367,13.48
1934,4368,15.11
1935,4369,11.26
1936,4370,11.24
1937,4371,11.95
1938,4372,11.4
1939,4373,11.06
1940,4374,20.14
1941,4375,18.03
1942,4379,10.74
1943,4380,11.78
1944,4381,11.9
1945,4382,12.12
1946,4384,15.22
1947,4397,17.3
1948,4398,16.5
1949,4399,16.5
1950,4400,15.3
1951,4402,13.3
1952,4403,14.5
1953,4404,14.5
1954,4405,17.8
1955,4406,16.03
1956,4407,15.73
1957,4408,19.05
1958,4409,16.2
1959,4415,14.72
1960,4416,16.26
1961,4417,15.2
1962,4418,18.2
1963,4419,15.45
1964,4420,16.54
1965,4422,6.53
1966,4428,14.6
1967,4429,13.75
1968,4430,13.01
1969,4431,14.9
1970,4434,16.39
1971,4435,18.31
1972,4436,19.55
1973,4439,18.8
1974,4454,15.46
1975,4465,13.38
1976,4467,17.42
1977,4469,16.94
1978,4470,11.59
1979,4471,19.52
1980,4479,15.9
1981,4491,17.26
1982,4493,11.55
1983,4494,14.88
1984,4496,17.7
1985,4497,17.7
1986,4500,18.0
1987,4501,20.9
1988,4512,7.51
1989,4517,18.91
1990,4523,14.61
1991,4524,17.13
1992,4527,19.5
1993,4532,11.72
1994,4536,14.26
1995,4537,10.07
1996,4538,14.66
1997,4552,9.68
1998,4553,10.13
1999,4554,9.72
2000,4555,12.06
2001,4556,16.26
2002,4557,12.06
2003,4558,16.26
2004,4559,17.2
2005,4560,19.1
2006,4561,20.03
2007,4562,17.2
2008,4563,19.1
2009,4564,20.03
2010,4566,17.59
2011,4567,18.15
2012,4568,20.1
2013,4569,12.2
2014,4570,15.6
2015,4577,15.2
2016,4578,12.06
2017,4579,15.2
2018,4583,14.7
2019,4584,19.4
2020,4585,13.84
2021,4586,16.8
2022,4587,10.7
2023,4588,18.2
2024,4589,16.5
2025,4590,7.38
2026,4591,8.53
2027,4592,7.94
2028,4603,18.3
2029,4604,21.5
2030,4606,16.75
2031,4607,16.75
2032,4610,11.5
2033,4611,11.5
2034,4612,11.5
2035,4613,12.8
2036,4614,12.8
2037,4615,12.8
2038,4616,17.91
2039,4617,18.75
2040,4618,14.74
2041,4623,19.06
2042,4624,17.65
2043,4627,14.34
2044,4628,17.0
2045,4629,15.7
2046,4630,13.3
2047,4634,19.62
2048,4636,10.09
2049,4637,9.74
2050,4638,10.55
2051,4639,10.19
2052,4648,16.84
2053,4649,18.36
2054,4650,17.75
2055,4651,12.62
2056,4661,16.1
2057,4662,17.45
2058,4663,13.8
2059,4664,18.85
2060,4665,20.2
2061,4671,14.38
2062,4672,17.1
2063,4688,16.4
2064,4689,15.08
2065,4690,9.93
2066,4702,18.98
2067,4718,12.49
2068,4719,15.66
2069,4723,17.79
2070,4724,20.18
2071,4727,13.3
2072,4728,7.0
2073,4729,9.91
2074,4730,12.54
2075,4731,16.0
2076,4732,13.4
2077,4734,8.16
2078,4736,15.87
2079,4737,18.53
2080,4738,15.16
2081,4743,15.5
2082,4744,16.9
2083,4746,14.67
2084,4747,15.9
2085,4748,18.04
2086,4749,11.2
2087,4750,14.7
2088,4753,5.0
2089,4754,18.61
2090,4755,19.89
2091,4769,14.9
2092,4770,17.6
2093,4771,11.7
2094,4772,11.5
2095,4773,12.4
2096,4781,11.1
2097,4784,
2098,4788,21.1
2099,4789,18.12
2100,4790,17.41
2101,4791,
2102,4796,8.2
2103,4798,8.2
2104,4799,4.8
2105,4800,8.8
2106,4801,3.8
2107,4802,9.0
2108,4803,14.8
2109,4804,12.8
2110,4805,
2111,4806,
2112,4811,14.4
2113,4813,8.84
2114,4814,9.68
2115,4815,10.74
2116,4816,10.32
2117,4817,6.74
2118,4818,14.95
2119,4819,14.2
2120,4820,15.01
2121,4821,18.05
2122,4829,17.76
2123,4830,20.6
2124,4832,20.39
2125,4833,17.41
2126,4842,12.46
2127,4843,12.88
2128,4844,13.97
2129,4845,16.47
2130,4861,9.04
2131,4862,9.81
2132,4863,9.29
2133,4864,9.43
2134,4865,9.81
2135,4869,16.9
2136,4870,12.3
2137,4871,11.6
2138,4872,14.0
2139,4873,17.3
2140,4874,17.5
2141,4875,15.9
2142,4881,16.83
2143,4882,18.34
2144,4883,10.4
2145,4891,15.33
2146,4892,11.92
2147,4893,15.49
2148,4894,19.57
2149,4895,17.48
2150,4896,19.57
2151,4897,17.48
2152,4898,15.34
2153,4899,19.6
2154,4900,21.2
2155,4901,12.03
2156,4902,11.57
2157,4903,5.92
2158,4904,3.0
2159,4911,14.6
2160,4912,16.4
2161,4915,18.5
2162,4916,12.05
2163,4917,16.97
2164,4918,18.5
2165,4919,12.05
2166,4920,16.97
2167,4925,12.42
2168,4926,15.8
2169,4929,15.14
2170,4937,16.1
2171,4938,17.5
2172,4949,15.9
2173,4950,13.69
2174,4951,10.25
2175,4953,15.0
2176,4954,10.5
2177,4955,14.87
2178,4956,14.87
2179,4964,6.23
2180,4965,12.13
2181,4966,7.69
2182,4967,13.99
2183,4968,13.01
2184,4975,13.0
2185,4976,16.8
2186,4977,13.0
2187,4978,16.8
2188,4991,9.0
2189,4992,11.2
2190,4993,4.77
2191,4994,5.26
2192,4997,9.0
2193,4999,16.67
2194,5000,17.21
2195,5012,14.4
2196,5013,14.8
2197,5014,16.9
2198,5015,16.9
2199,5024,10.89
2200,5028,18.29
2201,5029,17.94
2202,5030,18.05
2203,5033,19.13
2204,5036,10.32
2205,5037,13.07
2206,5038,4.58
2207,5039,9.27
2208,5040,7.08
2209,5050,19.4
2210,5051,19.31
2211,5053,8.6
2212,5054,17.9
2213,5055,17.49
2214,5056,9.36
2215,5057,12.79
2216,5058,18.52
2217,5060,15.02
2218,5066,8.62
2219,5068,6.9
2220,5071,19.0
2221,5072,18.24
2222,5073,11.3
2223,5074,12.88
2224,5075,16.01
2225,5076,19.81
2226,5077,13.81
2227,5082,17.4
2228,5083,17.16
2229,5084,8.47
2230,5085,17.2
2231,5086,12.4
2232,5092,16.8
2233,5095,12.48
2234,5113,12.5
2235,5114,18.16
2236,5115,17.76
2237,5116,16.38
2238,5118,
2239,5172,17.8
2240,5173,15.42
2241,5174,17.18
2242,5175,20.05
2243,5179,15.29
2244,5180,16.32
2245,5181,17.63
2246,5201,17.57
2247,5202,17.4
2248,5203,17.0
2249,5204,13.8
2250,5207,14.56
2251,5208,17.06
2252,5210,9.66
2253,5211,8.79
2254,5212,15.35
2255,5213,17.72
2256,5214,17.36
2257,5215,13.68
2258,5216,18.89
2259,5217,13.68
2260,5218,18.89
2261,5219,16.0
2262,5221,19.51
2263,5222,16.53
2264,5223,14.93
2265,5224,12.63
2266,5229,12.06
2267,5230,14.4
2268,5231,14.8
2269,5232,13.1
2270,5233,13.1
2271,5234,16.8
2272,5235,16.8
2273,5236,17.57
2274,5237,17.57
2275,5272,9.1
2276,5273,11.7
2277,5274,11.5
2278,5275,12.6
2279,5278,
2280,5279,
2281,5280,
2282,5281,
2283,5282,
2284,5283,
2285,5284,
2286,5286,
2287,5287,
2288,5288,
2289,5289,
2290,5290,
2291,5291,
2292,5292,
2293,5295,
2294,5296,
2295,5297,
2296,5298,
2297,5299,12.22
2298,5300,14.22
2299,5301,15.6
2300,5302,14.26
2301,5305,
2302,5310,
2303,5311,
2304,5312,
2305,5313,
2306,5315,17.4
2307,5317,
2308,5318,
2309,5333,
2310,5334,
2311,5335,
2312,5337,
2313,5339,
2314,5340,
2315,5341,
2316,5342,
2317,5343,8.51
2318,5344,10.04
2319,5345,10.17
2320,5347,
2321,5348,
2322,5349,
2323,5350,
2324,5354,15.17
2325,5355,7.1
2326,5363,15.14
2327,5364,17.59
2328,5367,17.08
2329,5368,17.98
2330,5369,17.08
2331,5370,17.98
2332,5371,17.08
2333,5372,17.98
2334,5373,17.08
2335,5374,17.98
2336,5375,17.08
2337,5376,17.98
2338,5386,7.16
2339,5387,12.1
2340,5394,
2341,5396,
2342,5397,
2343,5398,
2344,5399,
2345,5400,14.38
2346,5401,16.66
2347,5402,17.28
2348,5403,16.0
2349,5404,15.02
2350,5405,13.43
2351,5406,20.7
2352,5411,
2353,5412,
2354,5413,
2355,5414,
2356,5415,
2357,5416,
2358,5417,
2359,5418,
2360,5429,
2361,5430,
2362,5432,
2363,5433,
2364,5434,
2365,5436,10.5
2366,5438,13.2
2367,5439,19.5
2368,5444,
2369,5445,
2370,5447,
2371,5451,4.08
2372,5452,12.66
2373,5453,10.59
2374,5454,10.4
2375,5458,14.24
2376,5459,12.2
2377,5460,
2378,5461,
2379,5462,
2380,5463,
2381,5464,
2382,5465,
2383,5466,
2384,5467,
2385,5468,
2386,5470,14.47
2387,5471,16.51
2388,5472,20.63
2389,5473,21.02
2390,5476,16.73
2391,5477,17.05
2392,5478,8.8
2393,5479,10.1
2394,5484,13.3
2395,5492,18.69
2396,5493,18.69
2397,5494,14.92
2398,5495,18.82
2399,5496,16.26
2400,5497,20.15
2401,5503,16.0
2402,5504,16.75
2403,5505,16.91
2404,5506,15.1
2405,5525,15.6
2406,5526,17.8
2407,5527,15.6
2408,5528,17.8
2409,5529,
2410,5533,7.57
2411,5539,10.7
2412,5541,10.7
2413,5543,14.49
2414,5544,17.41
2415,5546,11.2
2416,5547,13.4
2417,5548,12.27
2418,5549,12.21
2419,5550,11.94
2420,5551,14.13
2421,5554,10.4
2422,5555,11.7
2423,5556,12.5
2424,5557,10.7
2425,5558,15.67
2426,5559,18.24
2427,5560,8.23
2428,5561,5.45
2429,5564,8.9
2430,5565,5.0
2431,5568,11.33
2432,5569,12.18
2433,5570,12.68
2434,5571,11.58
2435,5572,
2436,5574,11.65
2437,5575,8.39
2438,5576,12.71
2439,5577,13.71
2440,5578,14.42
2441,5579,9.38
2442,5580,12.58
2443,5581,15.87
2444,5582,16.8
2445,5583,17.7
2446,5586,15.67
2447,5587,17.77
2448,5588,17.88
2449,5589,18.12
2450,5590,19.56
2451,5591,14.4
2452,5592,13.2
2453,5593,15.5
2454,5594,15.7
2455,5595,16.9
2456,5596,18.2
2457,5597,4.69
2458,5598,4.69
2459,5602,5.86
2460,5603,9.51
2461,5604,11.23
2462,5605,6.94
2463,5606,4.03
2464,5609,12.5
2465,5610,12.1
2466,5611,12.35
2467,5612,15.17
2468,5613,17.25
2469,5617,9.3
2470,5618,10.6
2471,5619,5.4
2472,5622,9.3
2473,5623,10.6
2474,5624,5.4
2475,5626,18.88
2476,5639,13.6
2477,5640,16.9
2478,5656,7.05
2479,5657,8.09
2480,5658,16.05
2481,5659,15.45
2482,5660,10.82
2483,5661,15.9
2484,5666,12.98
2485,5671,15.5
2486,5674,8.11
2487,5676,18.96
2488,5678,18.13
2489,5679,18.13
2490,5680,18.13
2491,5681,18.13
2492,5682,18.96
2493,5683,18.96
2494,5684,18.96
2495,5685,18.96
2496,5686,18.11
2497,5687,18.11
2498,5691,7.23
2499,5692,12.91
2500,5693,8.78
2501,5694,8.3
2502,5695,16.09
2503,5696,9.97
2504,5697,13.49
2505,5708,12.5
2506,5709,12.5
2507,5710,17.3
2508,5711,17.3
2509,5714,15.11
2510,5717,19.12
2511,5722,16.5
2512,5723,18.4
2513,5724,8.93
2514,5725,17.49
2515,5726,12.67
2516,5727,17.19
2517,5736,15.45
2518,5737,18.13
2519,5738,18.22
2520,5739,18.21
2521,5740,18.21
2522,5741,20.85
2523,5742,20.85
2524,5743,20.85
2525,5744,9.3
2526,5745,9.3
2527,5746,12.9
2528,5747,12.9
2529,5748,
2530,5749,
2531,5781,6.95
2532,5782,10.3
2533,5783,12.1
2534,5784,7.96
2535,5796,5.82
2536,5797,16.39
2537,5807,13.0
2538,5817,9.09
2539,5822,14.53
2540,5823,18.6
2541,5826,18.2
2542,5827,19.2
2543,5837,7.01
2544,5838,15.79
2545,5856,16.6
2546,5857,16.37
2547,5868,12.87
2548,5869,17.05
2549,5872,10.19
2550,5876,16.4
2551,5877,13.1
2552,5887,11.62
2553,5888,9.61
2554,5889,13.28
2555,5890,18.4
2556,5891,18.9
2557,5897,19.41
2558,5898,14.78
2559,5899,16.51
2560,5906,17.23
2561,5907,18.34
2562,5908,5.28
2563,5916,17.0
2564,5917,8.21
2565,5918,11.51
2566,5924,16.1
2567,5925,15.4
2568,5926,19.9
2569,5927,18.9
2570,5928,14.89
2571,5929,14.2
2572,5930,12.98
2573,5931,12.84
2574,5932,16.25
2575,5933,14.15
2576,5934,16.45
2577,5939,6.7
2578,5940,11.0
2579,5941,12.05
2580,5942,14.47
2581,5943,14.2
2582,5944,11.4
2583,5947,16.56
2584,5951,13.26
2585,5956,15.1
2586,5957,13.6
2587,5958,12.6
2588,5959,11.7
2589,5961,11.96
2590,5978,12.1
2591,5979,18.78
2592,5989,17.87
2593,5990,4.01
2594,5991,15.39
2595,5992,17.97
2596,5994,18.3
2597,5995,20.0
2598,5996,16.02
2599,5997,17.4
2600,5998,18.6
2601,5999,20.4
2602,6000,20.82
2603,6001,19.06
2604,6006,16.28
2605,6007,18.68
2606,6015,5.1
2607,6016,7.2
2608,6023,17.2
2609,6024,11.9
2610,6025,8.61
2611,6026,9.48
2612,6027,10.35
2613,6028,11.16
2614,6029,11.95
2615,6030,10.41
2616,6031,15.9
2617,6032,18.16
2618,6033,18.16
2619,6036,6.9
2620,6037,10.0
2621,6045,21.33
2622,6051,12.88
2623,6052,13.76
2624,6063,11.3
2625,6064,15.0
2626,6069,12.56
2627,6070,12.25
2628,6071,16.9
2629,6072,17.42
2630,6073,13.54
2631,6081,
2632,6082,12.8
2633,6083,14.02
2634,6084,15.21
2635,6086,
2636,6088,
2637,6090,19.0
2638,6091,13.0
2639,6094,14.3
2640,6095,7.43
2641,6096,9.35
2642,6097,9.17
2643,6098,9.68
2644,6099,11.1
2645,6100,14.7
2646,6101,15.32
2647,6102,6.52
2648,6103,8.12
2649,6104,8.38
2650,6105,8.82
2651,6106,10.1
2652,6107,13.9
2653,6110,17.76
2654,6111,14.67
2655,6112,6.23
2656,6113,15.65
2657,6116,14.0
2658,6117,14.07
2659,6118,15.92
2660,6119,10.44
2661,6120,12.42
2662,6121,14.6
2663,6122,15.67
2664,6123,14.12
2665,6125,19.3
2666,6126,18.6
2667,6128,14.0
2668,6129,16.6
2669,6130,10.8
2670,6132,10.5
2671,6136,20.05
2672,6139,18.0
2673,6140,3.5
2674,6141,11.6
2675,6142,18.06
2676,6143,16.08
2677,6144,5.01
2678,6145,16.15
2679,6149,16.31
2680,6150,19.22
2681,6158,16.1
2682,6159,15.12
2683,6161,14.4
2684,6162,14.6
2685,6163,16.7
2686,6164,8.23
2687,6167,
2688,6168,
2689,6169,
2690,6176,17.02
2691,6177,16.97
2692,6178,15.12
2693,6179,16.05
2694,6183,13.3
2695,6185,17.0
2696,6186,16.5
2697,6187,12.5
2698,6190,15.7
2699,6191,15.7
2700,6193,15.6
2701,6197,18.44
2702,6198,15.33
2703,6199,14.57
2704,6200,14.57
2705,6201,18.42
2706,6202,18.42
2707,6203,10.53
2708,6204,13.17
2709,6205,12.87
2710,6206,9.89
2711,6218,17.2
2712,6219,18.2
2713,6233,13.1
2714,6234,10.6
2715,6236,3.45
2716,6237,3.97
2717,6238,15.4
2718,6239,15.3
2719,6240,15.4
2720,6241,15.7
2721,6242,15.1
2722,6250,10.4
2723,6251,8.7
2724,6252,15.1
2725,6253,18.0
2726,6256,14.6
2727,6257,8.3
2728,6258,10.4
2729,6260,18.28
2730,6261,20.16
2731,6262,16.99
2732,6263,16.59
2733,6264,18.68
2734,6265,12.55
2735,6266,15.73
2736,6267,
2737,6268,
2738,6269,
2739,6270,
2740,6271,
2741,6272,
2742,6276,16.73
2743,6277,18.83
2744,6278,7.1
2745,6281,9.66
2746,6282,11.8
2747,6283,11.22
2748,6284,13.73
2749,6288,12.88
2750,6289,15.58
2751,6296,13.4
2752,6302,13.2
2753,6303,13.8
2754,6304,13.6
2755,6305,8.25
2756,6306,5.78
2757,6307,2.26
2758,6308,18.24
2759,6309,19.3
2760,6310,7.5
2761,6312,16.26
2762,6316,16.59
2763,6317,20.0
2764,6319,12.7
2765,6320,16.8
2766,6325,16.4
2767,6332,12.29
2768,6333,11.26
2769,6334,15.05
2770,6335,18.39
2771,6336,12.3
2772,6339,13.5
2773,6340,12.53
2774,6341,16.25
2775,6342,17.0
2776,6343,18.25
2777,6344,14.5
2778,6350,17.07
2779,6351,17.8
2780,6352,
2781,6353,
2782,6354,8.63
2783,6355,10.89
2784,6356,13.45
2785,6357,15.59
2786,6358,18.17
2787,6363,13.7
2788,6364,4.86
2789,6371,15.9
2790,6374,15.5
2791,6375,14.9
2792,6376,15.8
2793,6377,18.51
2794,6378,17.14
2795,6379,
2796,6380,
2797,6381,
2798,6382,
2799,6383,
2800,6384,
2801,6389,9.15
2802,6390,15.08
2803,6396,16.61
2804,6397,17.23
2805,6398,19.36
2806,6399,20.67
2807,6409,8.93
2808,6428,
2809,6438,11.87
2810,6447,15.23
2811,6448,
2812,6449,
2813,6450,
2814,6451,
2815,6452,
2816,6453,
2817,6456,12.3
2818,6457,4.4
2819,6458,8.9
2820,6459,12.2
2821,6460,13.7
2822,6461,18.7
2823,6465,16.61
2824,6471,12.7
2825,6472,10.1
2826,6473,16.0
2827,6474,14.4
2828,6475,
2829,6476,
2830,6477,
2831,6478,
2832,6479,
2833,6480,
2834,6481,
2835,6482,
2836,6483,17.27
2837,6484,19.11
2838,6488,2.0
2839,6489,0.706
2840,6492,12.27
2841,6494,16.8
2842,6496,17.4
2843,6497,14.14
2844,6498,14.7
2845,6499,13.31
2846,6520,35.9
2847,6521,34.8
2848,6527,
2849,6530,
2850,6533,
2851,6562,7.8
2852,6563,9.89
2853,6564,13.5
2854,6608,16.7
2855,6609,17.8
2856,6610,16.6
2857,6615,12.36
2858,6616,10.49
2859,6623,15.38
2860,6624,12.14
2861,6625,14.39
2862,6626,16.33
2863,6633,13.88
2864,6634,15.65
2865,6638,14.5
2866,6639,13.9
2867,6640,3.88
2868,6641,4.02
2869,6654,9.7
2870,6655,9.06
2871,6656,10.8
2872,6657,11.8
2873,6658,11.18
2874,6659,12.62
2875,6662,8.5
2876,6663,11.0
2877,6664,8.8
2878,6666,16.5
2879,6667,16.25
2880,6668,6.3
2881,6669,6.3
2882,6672,16.7
2883,6673,15.8
2884,6674,16.6
2885,6675,15.2
2886,6693,15.27
2887,6694,18.02
2888,6695,15.9
2889,6696,18.39
2890,6697,19.9
2891,6698,13.53
2892,6699,14.82
2893,6709,13.5
2894,6710,14.81
2895,6712,10.21
2896,6713,12.53
2897,6714,9.85
2898,6715,12.47
2899,6716,11.23
2900,6717,7.38
2901,6719,11.4
2902,6720,12.3
2903,6721,13.0
2904,6728,12.7
2905,6729,11.7
2906,6730,17.7
2907,6731,18.86
2908,6732,19.68
2909,6733,10.6
2910,6737,6.8
2911,6738,7.5
2912,6739,9.4
2913,6740,19.03
2914,6741,17.59
2915,6742,18.2
2916,6743,1.52
2917,6744,8.34
2918,6745,10.2
2919,6761,10.3
2920,6762,11.9
2921,6771,17.26
2922,6772,18.06
2923,6774,20.7
2924,6775,17.32
2925,6780,15.8
2926,6786,14.0
2927,6787,18.84
2928,6788,14.0
2929,6789,18.84
2930,6796,16.22
2931,6797,18.05
2932,6798,16.1
2933,6799,13.79
2934,6804,18.8
2935,6805,18.5
2936,6806,18.9
2937,6807,16.24
2938,6808,18.8
2939,6809,18.8
2940,6810,18.07
2941,6814,17.11
2942,6816,17.11
2943,6817,17.11
2944,6819,9.55
2945,6820,7.31
2946,6821,13.78
2947,6826,13.59
2948,6827,18.54
2949,6836,10.7
2950,6837,9.3
2951,6839,14.4
2952,6863,13.2
2953,6864,15.3
2954,6878,13.4
2955,6881,17.14
2956,6883,15.14
2957,6884,17.13
2958,6887,15.35
2959,6888,16.0
2960,6892,14.7
2961,6893,16.2
2962,6894,14.9
2963,6895,16.8
2964,6902,15.3
2965,6903,15.8
2966,6905,17.54
2967,6907,5.75
2968,6910,15.58
2969,6911,13.24
2970,6912,18.75
2971,6915,10.1
2972,6921,3.0
2973,6922,4.8
2974,6923,7.0
2975,6924,14.2
2976,6925,10.2
2977,6926,14.9
2978,6929,12.36
2979,6930,14.87
2980,6931,7.73
2981,6935,10.01
2982,6936,8.5
2983,6937,12.61
2984,6941,12.5
2985,6942,8.16
2986,6943,12.56
2987,6944,13.82
2988,6945,15.1
2989,6946,15.84
2990,6949,12.38
2991,6950,13.22
2992,6957,10.31
2993,6958,14.26
2994,6962,19.8
2995,6966,17.31
2996,6967,20.1
2997,6968,10.53
2998,6969,
2999,6970,12.56
3000,6971,15.14
3001,6975,
3002,6976,19.65
3003,6977,
3004,6978,9.55
3005,6979,
3006,6980,12.1
3007,6981,11.7
3008,6982,
3009,6983,
3010,6985,12.9
3011,6986,14.3
3012,6988,17.07
3013,6989,19.86
3014,6990,9.9
3015,6991,12.0
3016,6993,18.61
3017,6994,16.37
3018,6996,7.06
3019,7000,13.34
3020,7004,17.5
3021,7006,18.3
3022,7007,18.3
3023,7008,17.5
3024,7009,17.5
3025,7016,19.97
3026,7018,16.52
3027,7019,14.46
3028,7023,17.9
3029,7024,16.5
3030,7035,13.75
3031,7036,12.86
3032,7037,12.15
3033,7038,12.97
3034,7039,12.6
3035,7040,11.71
3036,7042,19.74
3037,7043,19.54
3038,7051,20.52
3039,7052,17.88
3040,7053,20.31
3041,7054,16.54
3042,7068,10.7
3043,7070,18.48
3044,7071,17.15
3045,7072,16.24
3046,7082,
3047,7083,
3048,7084,18.81
3049,7085,
3050,7086,16.68
3051,7087,
3052,7089,
3053,7090,16.03
3054,7091,
3055,7097,9.69
3056,7098,6.84
3057,7099,6.43
3058,7100,6.94
3059,7101,6.6
3060,7102,10.6
3061,7103,2.93
3062,7104,6.17
3063,7105,11.97
3064,7106,14.14
3065,7107,12.58
3066,7108,13.51
3067,7109,13.38
3068,7117,9.31
3069,7119,11.22
3070,7122,15.03
3071,7126,17.3
3072,7127,20.63
3073,7128,20.63
3074,7132,20.63
3075,7136,18.59
3076,7138,12.92
3077,7139,11.54
3078,7140,13.84
3079,7141,10.1
3080,7142,12.2
3081,7143,18.12
3082,7146,17.6
3083,7147,17.6
3084,7148,17.6
3085,7149,17.6
3086,7150,10.6
3087,7151,3.44
3088,7154,14.35
3089,7155,15.0
3090,7156,12.02
3091,7159,18.48
3092,7160,17.3
3093,7161,19.8
3094,7168,
3095,7176,19.51
3096,7177,19.51
3097,7178,19.21
3098,7179,19.21
3099,7180,17.44
3100,7181,14.62
3101,7186,4.57
3102,7187,6.61
3103,7188,8.98
3104,7189,7.64
3105,7192,11.6
3106,7193,14.5
3107,7194,12.11
3108,7195,16.09
3109,7196,1.51
3110,7197,15.7
3111,7198,12.71
3112,7199,12.58
3113,7200,17.1
3114,7204,13.37
3115,7205,16.8
3116,7206,17.02
3117,7207,17.08
3118,7209,16.9
3119,7210,10.5
3120,7212,18.28
3121,7213,13.3
3122,7214,15.5
3123,7215,14.3
3124,7216,10.4
3125,7217,10.47
3126,7218,13.94
3127,7219,13.14
3128,7220,12.13
3129,7221,19.9
3130,7222,8.5
3131,7223,15.0
3132,7226,18.7
3133,7228,14.48
3134,7232,13.59
3135,7233,15.23
3136,7234,18.7
3137,7235,18.7
3138,7242,14.11
3139,7243,14.11
3140,7244,13.21
3141,7245,13.21
3142,7257,14.6
3143,7258,17.24
3144,7260,14.19
3145,7261,16.95
3146,7262,17.13
3147,7266,14.75
3148,7270,14.6
3149,7271,15.48
3150,7272,16.5
3151,7273,15.08
3152,7274,14.83
3153,7283,15.37
3154,7286,14.3
3155,7287,17.0
3156,7291,14.3
3157,7292,12.8
3158,7293,13.2
3159,7294,17.0
3160,7295,10.05
3161,7300,18.06
3162,7301,13.6
3163,7302,14.57
3164,7303,8.0
3165,7304,12.0
3166,7309,21.8
3167,7315,15.25
3168,7316,18.0
3169,7320,13.16
3170,7321,16.96
3171,7322,17.6
3172,7323,13.18
3173,7324,16.7
3174,7325,15.03
3175,7326,18.73
3176,7327,19.39
3177,7330,15.0
3178,7331,18.1
3179,7347,18.11
3180,7348,15.38
3181,7349,
3182,7351,
3183,7353,
3184,7355,13.7
3185,7356,15.6
3186,7364,19.0
3187,7365,21.0
3188,7366,17.5
3189,7369,16.1
3190,7370,13.5
3191,7371,16.1
3192,7372,13.5
3193,7373,19.64
3194,7374,17.23
3195,7388,15.4
3196,7389,12.8
3197,7394,18.7
3198,7395,17.3
3199,7398,18.5
3200,7399,18.5
3201,7400,18.5
3202,7401,17.0
3203,7402,17.0
3204,7403,17.0
3205,7404,15.0
3206,7405,15.0
3207,7406,15.0
3208,7407,14.91
3209,7408,17.42
3210,7414,17.0
3211,7415,17.0
